"factor_name","alpha_index","pvalue","df_between","df_within","ss_between","ss_within","ms_between","ms_within","F_value"
"Treatment","Observed",0.674677337447194,1,22,5.04166666666669,612.916666666667,5.04166666666669,27.8598484848485,0.180965329707683
"Treatment","InvSimpson",0.180179995163952,1,22,3.74243763880914,42.9715945706732,3.74243763880914,1.95325429866697,1.91600123003095
"Treatment","Shannon",0.165863693398591,1,22,0.178845652431732,1.91555950572038,0.178845652431732,0.0870708866236537,2.05402355904284
"Incubation","Observed",0.335900982710949,1,22,26.0416666666667,591.916666666667,26.0416666666667,26.905303030303,0.967900886949178
"Incubation","InvSimpson",0.24488766770314,1,22,2.84649617859727,43.8675360308851,2.84649617859727,1.99397891049478,1.42754577975499
"Incubation","Shannon",0.501338072568354,1,22,0.0435680061293902,2.05083715202272,0.0435680061293902,0.0932198705464874,0.467368232480686
"Soil","Observed",0.909034641761843,1,22,0.374999999999995,617.583333333333,0.374999999999995,28.0719696969697,0.0133585211172579
"Soil","InvSimpson",0.839767532153811,1,22,0.0887156547961866,46.6253165546862,0.0887156547961866,2.11933257066755,0.041860185618835
"Soil","Shannon",0.441270814782884,1,22,0.0569567556504517,2.03744840250166,0.0569567556504517,0.0926112910228028,0.615008764281536
