"Factor","Df","SumOfSqs","R2","F","pr_f","FDR_adj_p","Bonferroni_adj_p","P_Value_BetaDispersion"
"Incubation",1,0.113764789041438,0.0173787192761699,1.44026516299603,0.2221,0.2926,1,0.288
"Incubation:Soil",1,0.0942909299904562,0.0144038908382826,1.1937256052247,0.235,0.2926,1,NA
"Soil",1,0.0623826007555817,0.00952957163093539,0.789765334269002,0.3775,0.3775,1,0.552
"Treatment",1,4.71300028143087,0.719958341501104,59.6667051003178,1e-04,7e-04,7e-04,0.402
"Treatment:Incubation",1,0.116582672131623,0.0178091793472518,1.47593963558448,0.2209,0.2926,1,NA
"Treatment:Incubation:Soil",1,0.0868238169149693,0.0132632139817991,1.09919176112942,0.2508,0.2926,1,NA
"Treatment:Soil",1,0.0955469009831837,0.0145957530786607,1.20962623038123,0.2384,0.2926,1,NA
