"factor_name","alpha_index","pvalue","df_between","df_within","ss_between","ss_within","ms_between","ms_within","F_value"
"Treatment","Observed",0.0319461352190377,1,22,11792.6666666667,49452.6666666667,11792.6666666667,2247.84848484848,5.24620175521375
"Treatment","InvSimpson",6.22988500389019e-05,1,22,2098.95551618825,1899.26594244984,2098.95551618825,86.3302701113565,24.3130887170957
"Treatment","Shannon",0.123096243989134,1,22,0.0219463969146059,0.187790649082235,0.0219463969146059,0.00853593859464706,2.57105843385151
"Incubation","Observed",0.058884177330465,1,22,9361.49999999997,51883.8333333334,9361.49999999997,2358.35606060606,3.9695023819237
"Incubation","InvSimpson",0.610781982008315,1,22,47.8686565395786,3950.35280209851,47.8686565395786,179.561491004478,0.266586428258077
"Incubation","Shannon",0.120882924177538,1,22,0.0221938328894475,0.187543213107394,0.0221938328894475,0.00852469150488153,2.60347636940745
"Soil","Observed",0.418281273733313,1,22,1837.50000000001,59407.8333333333,1837.50000000001,2700.35606060606,0.68046581960292
"Soil","InvSimpson",0.306816830612012,1,22,189.498807023772,3808.72265161432,189.498807023772,173.12375689156,1.09458580628232
"Soil","Shannon",0.273159901363198,1,22,0.0113888439198329,0.198348202077008,0.0113888439198329,0.00901582736713674,1.26320563338934
