"Factor","Df","SumOfSqs","R2","F","pr_f","FDR_adj_p","Bonferroni_adj_p","P_Value_BetaDispersion"
"Incubation",1,0.0545329460437953,0.0136251840349857,1.11257134048285,0.226,0.2502,1,0.374
"Incubation:Soil",1,0.0490144245580821,0.0122463685427239,0.999983459352931,0.2408,0.2502,1,NA
"Soil",1,0.060540208125857,0.0151261125076332,1.23513041920755,0.2121,0.2502,1,0.978
"Treatment",1,2.89781645893,0.724026215653614,59.1207293219737,1e-04,7e-04,7e-04,0.087
"Treatment:Incubation",1,0.0536878611583798,0.0134140376010534,1.09533007090183,0.2259,0.2502,1,NA
"Treatment:Incubation:Soil",1,0.0479676738909478,0.0119848354418531,0.97862784082556,0.2502,0.2502,1,NA
"Treatment:Soil",1,0.0545606601739603,0.0136321084751868,1.11313675917348,0.2336,0.2502,1,NA
