"Factor","Df","SumOfSqs","R2","F","pr_f","FDR_adj_p","Bonferroni_adj_p","P_Value_BetaDispersion"
"Incubation",1,0.0545329460437958,0.0136251840349858,1.11257134048286,0.226,0.2502,1,0.374
"Incubation:Soil",1,0.0490144245580817,0.0122463685427238,0.999983459352922,0.2408,0.2502,1,NA
"Soil",1,0.0605402081258575,0.0151261125076333,1.23513041920756,0.2121,0.2502,1,0.978
"Treatment",1,2.89781645893,0.724026215653614,59.1207293219737,1e-04,7e-04,7e-04,0.087
"Treatment:Incubation",1,0.0536878611583798,0.0134140376010534,1.09533007090183,0.2259,0.2502,1,NA
"Treatment:Incubation:Soil",1,0.0479676738909474,0.011984835441853,0.978627840825551,0.2502,0.2502,1,NA
"Treatment:Soil",1,0.0545606601739608,0.0136321084751869,1.11313675917349,0.2336,0.2502,1,NA
