"factor_name","alpha_index","pvalue","df_between","df_within","ss_between","ss_within","ms_between","ms_within","F_value"
"Treatment","Observed",0.0039544936086812,1,22,7812.04166666667,16589.9166666667,7812.04166666667,754.087121212122,10.359600962432
"Treatment","InvSimpson",3.55812861946588e-17,1,22,442.729437581337,17.262257389329,442.729437581337,0.784648063151319,564.239508606239
"Treatment","Shannon",1.44377458106215e-05,1,22,0.732617774344616,0.525336576408202,0.732617774344616,0.0238789352912819,30.6805041936728
"Incubation","Observed",0.0503798043650077,1,22,3978.37500000001,20423.5833333334,3978.37500000001,928.344696969698,4.28545023522644
"Incubation","InvSimpson",0.840654937718856,1,22,0.863809173925602,459.12788579674,0.863809173925602,20.8694493543973,0.0413910860443279
"Incubation","Shannon",0.249665893075207,1,22,0.0751656697261618,1.18278868102666,0.0751656697261618,0.053763121864848,1.39808975221187
"Soil","Observed",0.869993803069033,1,22,30.3750000000002,24371.5833333334,30.3750000000002,1107.79924242424,0.0274192279943515
"Soil","InvSimpson",0.831204536615162,1,22,0.970806831241093,459.020888139425,0.970806831241093,20.8645858245193,0.0465289289423726
"Soil","Shannon",0.625375147333266,1,22,0.0138667162836453,1.24408763446917,0.0138667162836453,0.0565494379304169,0.245214042634837
