"factor_name","alpha_index","pvalue","df_between","df_within","ss_between","ss_within","ms_between","ms_within","F_value"
"Treatment","Observed",0.00395449360868118,1,22,7812.04166666668,16589.9166666667,7812.04166666668,754.087121212122,10.359600962432
"Treatment","InvSimpson",3.55812861946583e-17,1,22,442.729437581336,17.2622573893289,442.729437581336,0.784648063151316,564.23950860624
"Treatment","Shannon",1.44377458106222e-05,1,22,0.732617774344613,0.525336576408204,0.732617774344613,0.023878935291282,30.6805041936726
"Incubation","Observed",0.0503798043650077,1,22,3978.37500000001,20423.5833333334,3978.37500000001,928.344696969698,4.28545023522644
"Incubation","InvSimpson",0.840654937718857,1,22,0.863809173925594,459.12788579674,0.863809173925594,20.8694493543973,0.0413910860443276
"Incubation","Shannon",0.249665893075208,1,22,0.0751656697261615,1.18278868102666,0.0751656697261615,0.053763121864848,1.39808975221186
"Soil","Observed",0.869993803069033,1,22,30.3750000000003,24371.5833333334,30.3750000000003,1107.79924242424,0.0274192279943515
"Soil","InvSimpson",0.831204536615164,1,22,0.970806831241068,459.020888139424,0.970806831241068,20.8645858245193,0.0465289289423714
"Soil","Shannon",0.625375147333258,1,22,0.013866716283646,1.24408763446917,0.013866716283646,0.0565494379304169,0.245214042634849
