"Factor","Df","SumOfSqs","R2","F","pr_f","FDR_adj_p","Bonferroni_adj_p","P_Value_BetaDispersion"
"Incubation",1,0.0364524523280516,0.0105488427166267,1.65912434425288,0.2186,0.36064,1,0.664
"Incubation:Soil",1,0.0176183216936665,0.00509850209266715,0.801893550639014,0.3585,0.3854,1,NA
"Soil",1,0.0217525539516594,0.0062948925426455,0.990062108471629,0.2576,0.36064,1,0.787
"Treatment",1,2.92258791464391,0.845757096385198,133.020865476135,1e-04,7e-04,7e-04,0.003
"Treatment:Incubation",1,0.0164944266469043,0.00477326218914584,0.750739745795176,0.3854,0.3854,1,NA
"Treatment:Incubation:Soil",1,0.0501937013690092,0.0145253728430104,2.28455389283636,0.1545,0.36064,1,NA
"Treatment:Soil",1,0.0389540682130125,0.0112727762470894,1.77298477200562,0.2201,0.36064,1,NA
